Institution Name,Name,City,State,Country,grid_id,type
"4TU Centre for Research Data							",,,,,,
Aalborg University Library,Aalborg University,Aalborg,,Denmark,grid.5117.2,Archive
Adaptive Biotechnologies,Adaptive Biotechnologies (United States),Seattle,Washington,United States,grid.421940.a,Company
"AERIS - Pôle français de données et services pour l'atmosphère						",,,,,,
African Population and Health Research Centre,African Population and Health Research Center,Nairobi,,Kenya,grid.413355.5,Healthcare
"Agriculture and Agri-Food Canada					",,,,,,
"Agriculture Victoria							",,,,,,
"Alliance for Crops, Soils, and Environmental Science Societies",,,,,,
AMES Laboratory,Ames Laboratory,Ames,Iowa,United States,grid.451319.b,Facility
Analysis and Policy Observatory,Political Observatory,Lisbon,,Portugal,grid.466963.8,Nonprofit
Monash University,Monash University,Melbourne,Victoria,Australia,grid.1002.3,Education
Geoscience Australia,Geoscience Australia,Canberra,Australian Capital Territory,Australia,grid.452453.1,Government
"Apeiron WSBPI							",,,,,,
"Archaeology Data Service							",,,,,,
"ArcticNet							",,,,,,
Argonne National Laboratory,Argonne National Laboratory,Lemont,Illinois,United States,grid.187073.a,Facility
Aston University,Aston University,Birmingham,,United Kingdom,grid.7273.1,Education
"Australian Data Archive							",,,,,,
Australian Institute of Marine Science (AIMS),Australian Institute of Marine Science,Townsville,Queensland,Australia,grid.1046.3,Facility
"Austrian Social Science Data Archive							",,,,,,
Axiom Data Science,AxioMx (United States),Branford,Connecticut,United States,grid.450469.a,Company
"Barbara A Mikulski Archive for Space Telescopes							",,,,,,
"Beilstein-Institut zur Förderung der Chemischen Wissenschaften							",,,,,,
Belgian Institute for Space Aeronomy,Belgian Institute For Space Aeronomy,Brussels,,Belgium,grid.8654.f,Facility
Bielefeld University,Bielefeld University,Bielefeld,Nordrhein-Westfalen,Germany,grid.7491.b,Education
"Biodiversity Institute of Ontario							",,,,,,
"Birkbeck, University of London","Birkbeck, University of London",London,,United Kingdom,grid.88379.3d,Education
The Cambridge Crystallographic Data Centre,Cambridge Crystallographic Data Centre,Cambridge,,United Kingdom,grid.423328.c,Company
Imperial College London,Imperial College London,London,Westminster,United Kingdom,grid.7445.2,Education
Mendeley,Mendeley (United Kingdom),London,,United Kingdom,grid.436184.c,Company
Bond University,Bond University,Gold Coast,Queensland,Australia,grid.1033.1,Education
Brown Digital Repository,Brown University,Providence,Rhode Island,United States,grid.40263.33,Education
Brunel University London,Brunel University London,Uxbridge,England,United Kingdom,grid.7728.a,Education
"Bundesamt für Strahlenschutz							",,,,,,
California Digital Library,California Digital Library,Oakland,California,United States,grid.463323.3,Archive
"Caltech Library							",,,,,,
"CaltechDATA							",,,,,,
"Canadian Cryospheric Information Network							",,,,,,
"Canadian Polar Data Network (CPDN)							",,,,,,
Cape Peninsula University of Technology,Cape Peninsula University of Technology,Cape Town,,South Africa,grid.411921.e,Education
Cardiff University,Cardiff University,Cardiff,,United Kingdom,grid.5600.3,Education
Carnegie Mellon University Libraries,Carnegie Mellon University,Pittsburgh,Pennsylvania,United States,grid.147455.6,Education
Rolling Deck to Repository Program,,,,,,
University College Dublin,University College Dublin,Dublin,Dublin,Ireland,grid.7886.1,Education
"Cefas							",,,,,,
"Center for International Cooperation in Agricultural Research for Development							",,,,,,
"Center for International Earth Science Information Network (CIESIN)							",,,,,,
Central Queensland University,Central Queensland University,Rockhampton,Queensland,Australia,grid.1023.0,Education
"CERN OpenData Portal							",,,,,,
HEPData.net,,,,,,
ZENODO - Research. Shared.,,,,,,Other
"CGA							",,,,,,
China Geological Survey,China Geological Survey,Beijing,,China,grid.452954.b,Other
"CISER Data Archive							",,,,,,
"Climate Adaptation Science Centers							",,,,,,
"Climate, Atmospheric Science and Physical Oceanography							",,,,,,
"CMCC Foundation - Ocean Predictions and Applications Division							",,,,,,
"Coherent X-ray Imaging Data Bank							",,,,,,
"Collaborating Academics							",,,,,,
"Collaborative Research in Computational Neuroscience (CRCNS)							",,,,,,
College of William & Mary,College of William & Mary,Williamsburg,Virginia,United States,grid.264889.9,Education
Columbia University Libraries Information Services (CUL IS),Columbia University,New York,New York,United States,grid.21729.3f,Education
Cornell University Library,Cornell University,Ithaca,New York,United States,grid.5386.8,Archive
Cranfield University,Cranfield University,Cranfield,,United Kingdom,grid.12026.37,Education
"CRAWDAD							",,,,,,
CSC - IT Center for Science,CSC - IT Center for Science (Finland),Espoo,,Finland,grid.20709.3c,Company
Digital CSIC,Spanish National Research Council,Madrid,,Spain,grid.4711.3,Government
Curtin University,Curtin University,Perth,Western Australia,Australia,grid.1032.0,Education
"CybelePress							",,,,,,
CyberDOI,,,,,,
Dalhousie University,Dalhousie University,Halifax,Nova Scotia,Canada,grid.55602.34,Education
Data Repository for the University of Minnesota,University of Minnesota,Minneapolis,Minnesota,United States,grid.17635.36,Education
"Data Service Center for Business and Organizational Data							",,,,,,
GTEx,,,,,,Other
TOPMed,,,,,,Other
"DataDOI							",,,,,,
"DataFirst Client							",,,,,,
"DataGuru-LU, Department of Physical Geography and Ecosystem Science, Lund University",,,,,,
"DataverseNO							",,,,,,
Deakin University,Deakin University,Geelong,Victoria,Australia,grid.1021.2,Education
DANS,,,,,,
"Demographic Data Base							",,,,,,
"Deutscher Wetterdienst - Klimaüberwachung							",,,,,,
"Deutsches Zentrum für Luft- und Raumfahrt							",,,,,,
"Digital Antiquity (TDAR)							",,,,,,
"Digital Research Infrastructure for the Arts and Humanities							",,,,,,
Global Biodiversity Information Facility,Global Biodiversity Information Facility,Copenhagen,,Denmark,grid.434488.7,Other
"DOE Generic							",,,,,,
"DOE Geothermal Data Repository							",,,,,,
"DOE Marine and Hydrokinetic Data Repository							",,,,,,
"Drug Design Data (D3R) Resource							",,,,,,
Dryad Digital Repository,Dryad Digital Repository,Durham,North Carolina,United States,grid.466587.e,Nonprofit
DTIC Datacente,Defense Technical Information Center,Fort Belvoir,Virginia,United States,grid.478882.9,Facility
Dublin Institute of Technology,Dublin Institute of Technology,Dublin,,Ireland,grid.33695.3a,Education
Durham University,Durham University,Durham,,United Kingdom,grid.8250.f,Education
"EARSeL eProceedings, University of Oldenburg",Carl von Ossietzky University of Oldenburg,Oldenburg,Niedersachsen,Germany,grid.5560.6,Education
"Earth Observing System Data and Information System							",,,,,,
"Ecole et observatoire des sciences de la terre							",,,,,,
Environmental Data Initiative,,,,,,
Edinburgh Napier University,Edinburgh Napier University,Edinburgh,,United Kingdom,grid.20409.3f,Education
Edith Cowan University,Edith Cowan University,Perth,Western Australia,Australia,grid.1038.a,Education
"Editions of contemporary archives							",,,,,,
"EDL							",,,,,,
"EEUMETSAT							",,,,,,
"Environment Climate Data Sweden							",,,,,,
Environmental Protection Agency,Environmental Protection Agency,Washington D.C.,District of Columbia,United States,grid.418698.a,Government
"ETHZ Data Archive - Research Data							",,,,,,
European Commission Joint Research Centre Directorate G,European Commission,Brussels,,Belgium,grid.270680.b,Government
"Faculty of 1000 Research Ltd							",,,,,,
"Federation University Australia							",,,,,,
"figshare ASHA Publications							",,,,,,Other
"Figshare Datacite							",,,,,,Other
"Figshare test Datacenter							",,,,,,Other
Figshare Academic Research System,,,,,,Other
NSF,,,,,,
FIZ Karlsruhe – Leibniz-Institut für Informationsinfrastruktur,Karlsruhe Institute of Technology,Karlsruhe,,Germany,grid.7892.4,Education
Flinders University Library Research Data,Flinders University,Adelaide,South Australia,Australia,grid.1014.4,Archive
"Forschungsdaten- und Servicezentrum der Bundesbank							",,,,,,
"Forschungsdatenrepositorium LUH							",,,,,,
"Forschungsdatenzentrum Deutsches Zentrum für Altersfragen (FDZ-DZA)							",,,,,,
"Forschungsdatenzentrum Sozio-ökonomisches Panel (FDZ SOEP)							",,,,,,
Fred Hutchinson Cancer Research Center,Hutchison Research Centre,Cambridge,,United Kingdom,grid.417867.b,Facility
Harvard IQSS Dataverse,Harvard University,Cambridge,Massachusetts,United States,grid.38142.3c,Other
"Geoforschungszentrum Potsdam							",,,,,,
George Mason University,George Mason University,Fairfax,Virginia,United States,grid.22448.38,Education
"German Neuroinformatics Node							",,,,,,
"GESIS Leibniz Institute for the Social Sciences							",,,,,,
GESIS ZPID,Leibniz Institute for Psychology Information,Trier,,Germany,grid.470177.2,Facility
ICPSR,,,,,,Other
"GigaDB							",,,,,,
"Global Monitoring Division							",,,,,,
Griffith University,Griffith University,Gold Coast,Queensland,Australia,grid.1022.1,Education
Gulf of Mexico Research Initiative Information and Data Cooperative,Gulf of Mexico Research Initiative,Ocean Springs,Mississippi,United States,grid.453302.3,Facility
"Hakai Institute							",,,,,,
Harvard Medical School,Harvard Medical School,Boston,Massachusetts,United States,grid.471403.5,Education
Harvard Medical School Sleep Center,Harvard Medical School,Boston,Massachusetts,United States,grid.471403.5,Education
"Health Monitoring Research Data Centre							",,,,,,
Heriot-Watt University,Heriot-Watt University,Edinburgh,,United Kingdom,grid.9531.e,Education
"Histarch - Historische Archäologie							",,,,,,
Human Science Research Council SA,Human Sciences Research Council,Pretoria,,South Africa,grid.417715.1,Nonprofit
"ICOS Carbon Portal							",,,,,,
"IEEE DataPort				",,,,,,
Ifakara Health Institute,Ifakara Health Institute,Ifakara,,Tanzania,grid.414543.3,Nonprofit
Incorporated Research Institutions for Seismology,Incorporated Research Institutions For Seismology,Washington D.C.,District of Columbia,United States,grid.300201.0,Nonprofit
"INDEPTH Network		Indepth Network	Bissau		Guinea-Bissau		",,,,,,
Indiana University Bloomington Libraries,Indiana University Bloomington,Bloomington,Indiana,United States,grid.411377.7,Education
"Information Marketplace for Policy and Analysis of Cyber-Risk & Trust (IMPACT)							",,,,,,
"Infraestructura Mundial de Información en Biodiversidad							",,,,,,
Service hydrographique et océanographique de la marine,,,,,,
"inspirehep net							",,,,,,
"Institut de Recherche pour le Développement							",,,,,,
"Institut Français de Recherche pour l'Exploitation de la Mer							",,,,,,
"Institut International du Froid							",,,,,,
"Institut National de Recherche Agronomique							",,,,,,
Institut Pierre-Simon Laplace,Institut Pierre-Simon Laplace,Paris,,France,grid.423115.0,Facility
"Institut zur Qualitätsentwicklung im Bildungswesen							",,,,,,
"Institute for Research on Innovation and Science							",,,,,,
Institute of Science and Technology Austria,Institute of Science and Technology Austria,Klosterneuburg,Nieder√∂sterreich,Austria,grid.33565.36,Education
"Interdisciplinary Earth Data Alliance							",,,,,,
"International Crops Research Institute for the Semi-Arid Tropics (ICRISAT)							",,,,,,
Institute of Plant Genetics and Crop Plant Research,Institute of Plant Genetics and Crop Plant Research,Gatersleben,,Germany,grid.418934.3,Facility
"iPlant Collaborative (at University of Arizona)							",,,,,,
"IPUMS							",,,,,,
"ISI Kidney Datasets							",,,,,,
"Istituto Nazionale di Geofisica e Vulcanologia							",,,,,,
"Istituto Nazionale di Oceanografia e di Geofisica Sperimentale							",,,,,,
"IT-Servicezentrum, Universität Bayreuth",University of Bayreuth,Bayreuth,Bayern,Germany,grid.7384.8,Education
IUMSP/ Data,Institute of Social and Preventive Medicine,Lausanne,,Switzerland,grid.482968.9,Facility
James Cook University,James Cook University,Townsville,Queensland,Australia,grid.1011.1,Education
"Janelia							",,,,,,
"Japan Link Center							",,,,,,
"Johns Hopkins University Data Archive							",,,,,,
Journal Theoretical and applied ecology,,,,,,
Karlsruher Institut für Technologie,Karlsruhe Institute of Technology,Karlsruhe,,Germany,grid.7892.4,Education
Karlsruher Institut für Technologie - Institut für Organische Chemie,Karlsruhe Institute of Technology,Karlsruhe,,Germany,grid.7892.4,Education
Keele University,Keele University,Newcastle-under-Lyme,,United Kingdom,grid.9757.c,Education
"Kinder Institute							",,,,,,
King's College London,King's College London,London,Camden,United Kingdom,grid.13097.3c,Education
KNMI Data Centre,Royal Netherlands Meteorological Institute,De Bilt,,Netherlands,grid.8653.8,Government
"Konrad-Zuse-Zentrum Berlin							",,,,,,
"Korea Institute of Science and Technology Information							",,,,,,
La Trobe University,La Trobe University,Melbourne,Victoria,Australia,grid.1018.8,Education
"Laboratoire ATmosphères, Milieux, Observations Spatiales							",,,,,,
Landcare Research New Zealand Ltd,Landcare Research,Lincoln,,New Zealand,grid.419186.3,Other
Lamont-Doherty Earth Observatory,Lamont-Doherty Earth Observatory,Sparkill,New York,United States,grid.473157.3,Facility
Leibniz Institute for Astrophysics Potsdam,Leibniz Institute for Astrophysics Potsdam *,Potsdam,,Germany,grid.423694.e,Facility
"Leibniz-Zentrum für Agrarlandschaftsforschung (ZALF)							",,,,,,
"LMU-ifo Economics & Business Data Center							",,,,,,
Loughborough University,London School of Hygiene & Tropical Medicine,London,Camden,United Kingdom,grid.8991.9,Education
London School of Hygiene and Tropical Medicine,Loughborough University,Loughborough,England,United Kingdom,grid.6571.5,Education
MAASTRO Clinic,Maastro Clinic,Maastricht,,Netherlands,grid.426577.5,Healthcare
Manchester Metropolitan University,Manchester Metropolitan University,Manchester,Manchester,United Kingdom,grid.25627.34,Education
Marine and Coastal Research Institute of Columbia,Jos√© Benito Vives de Andr√©is Marine and Coastal Research Institute,Santa Marta,,Colombia,grid.462422.4,Facility
Marine Institute,Marine Institute,Oranmore,Galway,Ireland,grid.6408.a,Government
Max Planck Digital Library,Max Planck Digital Library,Munich,,Germany,grid.431460.4,Archive
"MB-Mediasports							",,,,,,
Middlesex University,Middlesex University,London,,United Kingdom,grid.15822.3c,Education
"MIT Laboratory of Computational Physiology							",,,,,,
"MorphoBank							",,,,,,
ReSpecTh adatbázis MTA-ELTE Komplex Kémiai Rendszerek Kutatócsoport,,,,,,
Museum für Naturkunde - Leibniz-Institut für Evolutions- und Biodiversitätsforschung,Museum f√ºr Naturkunde,Berlin,,Germany,grid.422371.1,Archive
Nanyang Technological University,Nanyang Technological University,Singapore,,Singapore,grid.59025.3b,Education
National Aeronautics and Space Administration - Planetary Data System (NASA-PDS),National Aeronautics and Space Administration,Washington D.C.,District of Columbia,United States,grid.238252.c,Government
"National Cancer Informatics Program Hub, NIH							",,,,,,
National Center for Atmospheric Research,National Center for Atmospheric Research,Boulder,Colorado,United States,grid.57828.30,Facility
"National Center for Ecological Analysis and Synthesis (NCEAS)							",,,,,,
National Computational Infrastructure,National Computational Infrastructure,Acton,Australian Capital Territory,Australia,grid.474065.4,Facility
"National Institutes of Health, National Institute of Mental Health",National Institute of Mental Health,Bethesda,Maryland,United States,grid.416868.5,Facility
National Institutes of Standards and Technology,National Institute of Standards and Technology,Gaithersburg,Maryland,United States,grid.94225.38,Government
National Oceanic and Atmospheric Administration (NOAA) National Centers for Environmental Information (NCEI),National Oceanic and Atmospheric Administration,Washington D.C.,District of Columbia,United States,grid.3532.7,Government
National Oceanic and Atmospheric Administration (NOAA) NCEI and NCL,National Oceanic and Atmospheric Administration,Washington D.C.,District of Columbia,United States,grid.3532.7,Government
National Renewable Energy Laboratory (NREL),National Renewable Energy Laboratory,Golden,Colorado,United States,grid.419357.d,Facility
"National Snow and Ice Data Center							",,,,,,
"National Transportation Library, US Department of Transportation",United States Department of Transportation,Washington D.C.,District of Columbia,United States,grid.419882.e,Archive
National University of Singapore,National University of Singapore,Singapore,,Singapore,grid.4280.e,Education
"Nationales Bildungspanel (National Educational Panel Study, NEPS)							",,,,,,
Natural Environment Research Council,Natural Environment Research Council,Swindon,,United Kingdom,grid.8682.4,Government
"Natural History Museum, London",Natural History Museum,London,Westminster,United Kingdom,grid.35937.3b,Archive
Natural Resources Canada,Natural Resources Canada,Ottawa,Ontario,Canada,grid.202033.0,Government
"Neon Neue Energieökonomik GmbH							",,,,,,
"NETL Energy Data eXchange (EDX)							",,,,,,
New York University Library,New York University,New York,New York,United States,grid.137628.9,Archive
"NGEE-Arctic (Next Generation Ecosystems Experiement)							",,,,,,
"NILU - Norsk institutt for luftforskning							",,,,,,
"Norsk Polarinstitutt							",,,,,,
"Northwest Knowledge Network							",,,,,,
Northwestern University,Northwestern University,Evanston,Illinois,United States,grid.16753.36,Education
"Norwegian Marine Data Centre							",,,,,,
"NRCT Data Center							",,,,,,
"NSD – Norsk senter for forskningsdata							",,,,,,
NSW Office of the Environment and Heritage,NSW Office of Environment & Heritage,Sydney,New South Wales,Australia,grid.410681.a,Government
Oak Ridge National Lab’s Terrestrial Ecosystem Science Scientific Focus Area,Oak Ridge National Laboratory,Oak Ridge,Tennessee,United States,grid.135519.a,Facility
Oak Ridge National Laboratory - Atmospheric Radiation Measurement (ARM) Data Archive,Oak Ridge National Laboratory,Oak Ridge,Tennessee,United States,grid.135519.a,Facility
Oak Ridge National Laboratory Distributed Active Archive Center,Oak Ridge National Laboratory,Oak Ridge,Tennessee,United States,grid.135519.a,Facility
"Observatoire des Sciences de l'Univers de Grenoble							",,,,,,
"Observatoire des Sciences de l'Univers Terre Homme Environnement Temps Astronomie de Franche-Comté Bourgogne							",,,,,,
"Observatoire Midi-Pyrénées							",,,,,,
"Observatoire Terre Environnement de Lorraine							",,,,,,
"Ocean Tracking Network							",,,,,,
"Odum Institute for Research in Social Science							",,,,,,
Office of Science (SC),,,,,,
"OpenBioMaps Consortium							",Office of Science & Technology Austria,Washington D.C.,District of Columbia,United States,grid.436950.d,Government
Oregon State University,Oregon State University,Corvallis,Oregon,United States,grid.4391.f,Education
Lawrence Berkeley National Laboratory (LBNL),Lawrence Berkeley National Laboratory,Berkeley,California,United States,grid.184769.5,Facility
"Otto-von-Guericke-Universität Magdeburg							",Otto-von-Guericke University Magdeburg,Magdeburg,,Germany,grid.5807.a,Education
"Oxford University Library Service Databank							",,,,,,
"Pacific Northwest National Laboratory							",Pacific Northwest National Laboratory,Richland,Washington,United States,grid.451303.0,Facility
"Partnership for Interdisciplinary Studies of Coastal Oceans (PISCO)							",,,,,,
"Penn State Institutes of Energy and the Environment PSU Data Commons							",,,,,,
"Pitt Quantum Repository							",,,,,,
"Plutof Data Management and Publishing Platform							",,,,,,
Plymouth University,Plymouth University,Plymouth,Plymouth,United Kingdom,grid.11201.33,Education
"Potato Center							",International Potato Center,Lima,,Peru,grid.435311.1,Facility
"Project BioFresh, Leibniz-Institute of Freshwater Ecology and Inland Fisheries							",,,,,,
"Publications Office of the European Union							",,,,,,
Purdue University,Purdue University,West Lafayette,Indiana,United States,grid.169077.e,Education
University of Wisconsin-Madison,University of Wisconsin‚ÄìMadison,Madison,Wisconsin,United States,grid.14003.36,Education
"Qsardb Databank							",,,,,,
Queen Mary University of London,Queen Mary University of London,London,,United Kingdom,grid.4868.2,Education
Queen's University Belfast,Queen's University Belfast,Belfast,,United Kingdom,grid.4777.3,Education
Queensland University of Technology,Queensland University of Technology,Brisbane,Queensland,Australia,grid.1024.7,Education
ResearchGate,,,,,,Other
"Richter Library, University of Miami							",University of Miami,Coral Gables,Florida,United States,grid.26790.3a,Archive
"RMIT University							",Royal Melbourne Institute of Technology University,Melbourne,Victoria,Australia,grid.1017.7,Education
"Romania ADL Association							",,,,,,
"Rothamsted Research							",Rothamsted Research,Harpenden,,United Kingdom,grid.418374.d,Facility
"Royal Holloway, University of London",Royal Holloway University of London,Egham,Surrey,United Kingdom,grid.4970.a,Education
Royal Society of Chemistry,Royal Society of Chemistry,London,,United Kingdom,grid.431456.1,Nonprofit
Rutgers University Library,Rutgers University,New Brunswick,New Jersey,United States,grid.430387.b,Archive
RWI - Rheinisch-Westfälisches Institut für Wirtschaftsforschung e V,Rheinisch-Westf√§lisches Institut f√ºr Wirtschaftsforschung,Essen,,Garmany,grid.437257.0,Facility
SAEON Data Centre,,,,,,
Sage Bionetworks,Sage Bionetworks,Seattle,Washington,United States,grid.430406.5,Nonprofit
"Scholars Portal							",,,,,,
Science and Technology Facilities Council,Science and Technology Facilities Council,Swindon,,United Kingdom,grid.14467.30,Government
"SHARE - ERIC							",,,,,,
Sheffield Hallam University,Sheffield Hallam University,Sheffield,,United Kingdom,grid.5884.1,Education
"SiB Colombia							",,,,,,
"SICAS							",,,,,,
Simon Fraser University,Simon Fraser University,Burnaby,British Columbia,Canada,grid.61971.38,Education
Sir Alister Hardy Foundation for Ocean Science,Sir Alister Hardy Foundation for Ocean Science,Plymouth,England,United Kingdom,grid.421764.2,Nonprofit
Smithsonian Institution,Smithsonian Institution,Washington D.C.,District of Columbia,United States,grid.1214.6,Government
"Socio-political data center							",,,,,,
"Sonderforschungsbereich GEO-Q Institut für Erdmessung (IFE)							",,,,,,
Southern Cross University,Southern Cross University,Lismore,New South Wales,Australia,grid.1031.3,Education
"St Edwards University							",,,,,,
Stanford Digital Repository,Stanford University,Stanford,California,United States,grid.168010.e,Education
"Statsbiblioteket							",State and University Library,Aarhus,,Denmark,grid.437933.9,Archive
Stockholm University,Stockholm University,Stockholm,,Sweden,grid.10548.38,Education
SURFsara,SURFsara (Netherlands),Amsterdam,,Netherlands,grid.426550.0,Company
"Survey Research Data Archive Taiwan							",,,,,,
"Swedish National Data Service							",,,,,,
Swinburne University of Technology,Swinburne University of Technology,Melbourne,Victoria,Australia,grid.1027.4,Education
"Swiss Center for Expertise in Social Research							",,,,,,
"Swiss Federal Institute for Forest, Snow and Landscape Research WSL							","Swiss Federal Institute for Forest, Snow and Landscape Research",Birmensdorf,,Switzerland,grid.419754.a,Facility
Syracuse University Qualitative Data Repository,Syracuse University,Syracuse,New York,United States,grid.264484.8,Education
"TalkBank							",,,,,,
"Technische Universität München, Universitätsbibliothek							",,,,,,
"Texas Advanced Computing Center							",,,,,,
"Texas Digital Library							",Texas Digital Library,Austin,Texas,United States,grid.431196.8,Archive
"The Cancer Imaging Archive							",,,,,,
"The McConnell Brain Imaging Centre							",,,,,,
"The Norwegian Institute of Bioeconomy Research							",Norwegian Institute of Bioeconomy Research,Oslo,,Norway,grid.454322.6,Government
"The Open University							",The Open University,Milton Keynes,,United Kingdom,grid.10837.3d,Education
"The State Archives							",,,,,,
"The University of Adelaide							",University of Adelaide,Adelaide,South Australia,Australia,grid.1010.0,Education
"The University of Melbourne							",University of Melbourne,Melbourne,Victoria,Australia,grid.1008.9,Education
"The University of Western Australia							",University of Western Australia,Perth,Western Australia,Australia,grid.1012.2,Education
"Thieme Chemistry							",,,,,,
Pangaea,,,,,,Other
"Excellence Cluster Topoi, Freie Universit√§t Berlin / Humboldt-Universit√§t zu Berlin",,,,,,
"UBMA							",,,,,,
"UC Berkeley							","University of California, Berkeley",Berkeley,California,United States,grid.47840.3f,Education
"UC Irvine Library							","University of California, Irvine",Irvine,California,United States,grid.266093.8,Archive
"UC Merced							","University of California, Merced",Merced,California,United States,grid.266096.d,Education
"UC Riverside							","University of California, Riverside",Riverside,California,United States,grid.266097.c,Education
"UCSB							","University of California, Santa Barbara",Santa Barbara,California,United States,grid.133342.4,Education
"UCSB Advanced Graphics Lab							",,,,,,
"UCSC							","University of California, Santa Cruz",Santa Cruz,California,United States,grid.205975.c,Education
"UCSD							","University of California, San Diego",San Diego,California,United States,grid.266100.3,Education
"UCSF Clinical & Translational Science Institute (CTSI)							",,,,,,
"UCSF ImmPort							",,,,,,
"UK Data Archive							",UK Data Archive,Colchester,,United Kingdom,grid.438826.3,Archive
"Ulster University							",University of Ulster,Coleraine,,United Kingdom,grid.12641.30,Education
"UNC Library - Resource Description and Management							",,,,,,
"UNINETT Sigma AS, Norway							",,,,,,
"Univ Chicago Materials Data Facility							",,,,,,
"Università degli Studi di Bologna							",University of Bologna,Bologna,Emilia-Romagna,Italy,grid.6292.f,Education
"Università degli Studi di Catania							",University of Catania,Catania,,Italy,grid.8158.4,Education
"Università degli Studi di Milano-Bicocca							",University of Milano-Bicocca,Milan,,Italy,grid.7563.7,Education
"Università degli Studi di Torino							",,,,,,
"Universität Konstanz - Bibliothek							",University of Konstanz,Konstanz,Baden-W√ºrttemberg,Germany,grid.9811.1,Education
"Universität Ulm, Kommunikations- und Informationszentrum (kiz)							",University of Ulm,Ulm,,Germany,grid.6582.9,Education
"Universität Würzburg							",,,,,,
"Universitätsbibliothek Duisburg-Essen							",University of Duisburg-Essen,Essen,Nordrhein-Westfalen,Germany,grid.5718.b,Education
"Universitätsbibliothek Regensburg							",University of Regensburg,Regensburg,Bayern,Germany,grid.7727.5,Education
"Universitätsbibliothek Rostock							",University of Rostock,Rostock,,Germany,grid.10493.3f,Education
"Universitätsbibliothek RWTH Aachen University							",,,,,,
"Université de Montréal Biodiversity Centre							",University of Montreal,Montreal,Quebec,Canada,grid.14848.31,Education
"Universiteit Utrecht							",,,,,,
"Universiteit van Amsterdam							",University of Amsterdam,Amsterdam,Noord-Holland,Netherlands,grid.7177.6,Education
"University College of Southeast Norway							",University College of Southeast Norway,Kongsberg,,Norway,grid.463530.7,Education
"University Library Heidelberg							",,,,,,
"University Library Vechta							",University of Vechta,Vechta,,Germany,grid.449789.f,Archive
"University of Aberdeen							",University of Aberdeen,Aberdeen,,United Kingdom,grid.7107.1,Education
"University of Alberta Libraries							",University of Alberta,Edmonton,Alberta,Canada,grid.17089.37,Education
"University of Auckland Data Publishing and Discovery Service							",University of Auckland,Auckland,,New Zealand,grid.9654.e,Education
"University of Bath							",University of Bath,Bath,Bath and North East Somerset,United Kingdom,grid.7340.0,Education
"University of Birmingham							",University of Birmingham,Birmingham,,United Kingdom,grid.6572.6,Education
"University of Bristol							",University of Bristol,Bristol,,United Kingdom,grid.5337.2,Education
"University of British Columbia							",University of British Columbia,Vancouver,British Columbia,Canada,grid.17091.3e,Education
"University of Calabria							",University of Calabria,Cosenza,,Italy,grid.7778.f,Education
"University of California, Davis, University Library							","University of California, Davis",Davis,California,United States,grid.27860.3b,Archive
"University of Cambridge							",University of Cambridge,Cambridge,,United Kingdom,grid.5335.0,Education
"University of Cape Town (UCT)							",University of Cape Town,Rondebosch,,South Africa,grid.7836.a,Education
"University of Dundee							",University of Dundee,Dundee,,United Kingdom,grid.8241.f,Education
"University of East London							",University of East London,London,Newham,United Kingdom,grid.60969.30,Education
"University of Edinburgh							",University of Edinburgh,Edinburgh,,United Kingdom,grid.4305.2,Education
"University of Essex							",University of Essex,Colchester,Essex,United Kingdom,grid.8356.8,Education
"University of Exeter							",University of Exeter,Exeter,,United Kingdom,grid.8391.3,Education
"University of Glasgow							",University of Glasgow,Glasgow,,United Kingdom,grid.8756.c,Education
"University of Guelph							",University of Guelph,Guelph,Ontario,Canada,grid.34429.38,Education
"University of Hertfordshire							",,,,,,
"University of Illinois Libraries							",,,,,,
"University of Iowa Libraries							",University of Iowa,Iowa City,Iowa,United States,grid.214572.7,Education
"University of Kentucky Libraries							",University of Kentucky,Lexington,Kentucky,United States,grid.266539.d,Education
"University of Lancaster							",,,,,,
"University of Leeds							",University of Leeds,Leeds,,United Kingdom,grid.9909.9,Education
"University of Liverpool							",University of Liverpool,Liverpool,,United Kingdom,grid.10025.36,Education
"University of Manitoba Libraries							",University of Manitoba,Winnipeg,Manitoba,Canada,grid.21613.37,Education
"University of Maryland Libraries							","University of Maryland, Baltimore",Baltimore,Maryland,United States,grid.411024.2,Education
"University of Massachusetts (UMass) Amherst							",University of Massachusetts Amherst,Amherst Center,Massachusetts,United States,grid.266683.f,Education
"University of Massachusetts (UMass) Medical School							",University of Massachusetts Medical School,Worcester,Massachusetts,United States,grid.168645.8,Education
"University of Michigan Library							",,,,,,
"University of Nebraska-Lincoln Libraries							",,,,,,
"University of New England							",University of New England,Biddeford,Maine,United States,grid.266826.e,Education
"University of New Mexico Libraries							",University of New Mexico,Los Alamos,New Mexico,United States,grid.447537.6,Education
"University of New South Wales							",,,,,,
"University of Oregon							",University of Oregon,Portland,Oregon,United States,grid.488623.3,Education
"University of Ottawa							",University of Ottawa,Ottawa,Ontario,Canada,grid.28046.38,Education
"University of Pittsburgh							",University of Pittsburgh,Pittsburgh,Pennsylvania,United States,grid.21925.3d,Education
"University of Portsmouth							",University of Portsmouth,Portsmouth,Portsmouth,United Kingdom,grid.4701.2,Education
"University of Prince Edward Island							",University of Prince Edward Island,Charlottetown,Prince Edward Island,Canada,grid.139596.1,Education
"University of Salento							",University of Salento,Lecce,,Italy,grid.9906.6,Education
"University of Sheffield							",University of Sheffield,Sheffield,,United Kingdom,grid.11835.3e,Education
"University of South Australia							",University of South Australia,Adelaide,South Australia,Australia,grid.1026.5,Education
"University of South Queensland							",,,,,,
"University of Southampton							",University of Southampton,Southampton,,United Kingdom,grid.5491.9,Education
"University of St Andrews							",University of St Andrews,St Andrews,Fife,United Kingdom,grid.11914.3c,Education
"University of Strathclyde							",University of Strathclyde,Glasgow,,United Kingdom,grid.11984.35,Education
"University of Surrey							",University of Surrey,Guildford,Surrey,United Kingdom,grid.5475.3,Education
"University of Sussex							",University of Sussex,Brighton,,United Kingdom,grid.12082.39,Education
"University of Sydney Library							",University of Sydney,Sydney,New South Wales,Australia,grid.1013.3,Archive
"University of Tasmania							",University of Tasmania,Hobart,Tasmania,Australia,grid.1009.8,Education
"University of Technology, Sydney							",University of Technology Sydney,Sydney,New South Wales,Australia,grid.117476.2,Education
"University of the Sunshine Coast							",University of the Sunshine Coast,Sunshine Coast,Queensland,Australia,grid.1034.6,Education
"University of Utah							",University of Utah,Salt Lake City,Utah,United States,grid.223827.e,Education
"University of Virginia Libraries							",University of Virginia,Charlottesville,Virginia,United States,grid.27755.32,Education
"University of Virginia Minor Laboratory							",,,,,,
"University of Warsaw Interdisciplinary Centre for Mathematical and Comutational Modelling							",University of Washington,Seattle,Washington,United States,grid.34477.33,Education
"University of Washington Libraries							",,,,,,
"University of Western Cape							",,,,,,
"University of Wyoming							",University of Wyoming,Laramie,Wyoming,United States,grid.135963.b,Education
"University Paul-Valéry Montpellier 3							",University of Montpellier,Montpellier,Languedoc-Roussillon,France,grid.121334.6,Education
"UNM Research Data Services							",University of Minnesota,Minneapolis,Minnesota,United States,grid.17635.36,Education
"US Department of Agriculture, Agricultural Data Commons							",United States Department of Agriculture,Washington D.C.,District of Columbia,United States,grid.417548.b,Government
"US Environmental Protection Agency							",Environmental Protection Agency,Washington D.C.,District of Columbia,United States,grid.418698.a,Government
University of Southern California Digital Library,University of Southern California,Los Angeles,California,United States,grid.42505.36,Archive
USGS DOI Tool Production Environment,,,,,,
"UTA Petroleum Engineering							",,,,,,
"Utah State University Merrill-Cazier Library							",,,,,,
"Utrecht University							",Utrecht University,Utrecht,Utrecht,Netherlands,grid.5477.1,Education
"UW-Biological Magnetic Resonance Bank							",,,,,,
"Victoria University							",Victoria University,Melbourne,Victoria,Australia,grid.1019.9,Education
"Virginia Tech							",Virginia Tech,Blacksburg,Virginia,United States,grid.438526.e,Education
"Virginia Tech Transportation Institute							",,,,,,
"Vlaams Instituut voor de Zee							",,,,,,
Washington University in St Louis Libraries,Washington University in St. Louis,St Louis,Missouri,United States,grid.4367.6,Education
"Weierstraß-Institut für Angewandte Analysis und Stochastik							",,,,,,
Western Sydney University,Western Sydney University,Richmond,New South Wales,Australia,grid.1029.a,Education
"Westfälische Wilhelms-Universität Münster, Institut für Medizinische Informatik							",,,,,,
"Wissenschaftszentrum Berlin für Sozialforschung							",Berliner Institut f√ºr Sozialforschung,Berlin,,Germany,grid.432726.6,Facility
"World Data Center for Climate							",,,,,,
"World Glacier Monitoring Service							",,,,,,
GESIS ZPID,,,,,,
Figshare,,,,,,Other
Zenodo,,,,,,Other
Pangaea,,,,,,Other
Global Biodiversity Information Facility,Global Biodiversity Information Facility,Copenhagen,,Denmark,grid.434488.7,Other
Harvard Dataverse,,,,,,
Dryad,Dryad Digital Repository,Durham,North Carolina,United States,grid.466587.e,Nonprofit
Mendeley Data,Mendeley (United Kingdom),London,,United Kingdom,grid.436184.c,Company
UK Data Archive,UK Data Archive,Colchester,,United Kingdom,grid.438826.3,Archive
University of Bath Research Data Archive,University of Bath,Bath,Bath and North East Somerset,United Kingdom,grid.7340.0,Education
DSMZ,Leibniz Institute DSMZ ‚Äì German Collection of Microorganisms and Cell Cultures,Braunschweig,,Germany,grid.420081.f,Facility
ResearchGate,,,,,,Other
4TU.Centre for Research Data,,,,,,
SEANOE,,,,,,
World Data Center for Climate,,,,,,
Environmental Information Data Centre,,,,,,
NSF Artic Data Center,,,,,,
RepOD,,,,,,
LINDAT/CLARIN repository,,,,,,
Australian Data Archive,,,,,,
"Survey of Health, Ageing and Retirement in Europe",,,,,,
Collaborative Research in Computational Neuroscience,,,,,,
National Center for Atmosphere Research,,,,,,
Coherent X-ray Imaging Data Bank,,,,,,
AMS Acta,University of Bologna,Bologna,Emilia-Romagna,Italy,grid.6292.f,Education
Swedish National Data Service,,,,,,
Archaeology Data Service,,,,,,
Center for International Earth Science Information Network,,,,,,
UNAVCO,,,,,,
National Snow and Ice Data Center,,,,,,
The Cancer Imaging Archive,,,,,,
IPK Gatersleben,Institute of Plant Genetics and Crop Plant Research,Gatersleben,,Germany,grid.418934.3,Facility
Data Repository for the University of Minnesota,University of Minnesota,Minneapolis,Minnesota,United States,grid.17635.36,Education
DataDOI,,,,,,
MorphoBank,,,,,,
DataverseNO,,,,,,
World Glacier Monitoring Service,,,,,,
CLARIN.SI repository,,,,,,
Harvard University,Harvard University,Cambridge,Massachusetts,United States,grid.38142.3c,Education
London School of Economics and Political Science,London School of Economics and Political Science,London,Camden,United Kingdom,grid.13063.37,Education
Stanford University,Stanford University,Stanford,California,United States,grid.168010.e,Education
Massachusetts Institute of Technology,Massachusetts Institute of Technology,Cambridge,Massachusetts,United States,grid.116068.8,Education
Washington University in St. Louis,Washington University in St. Louis,St Louis,Missouri,United States,grid.4367.6,Education
Northwestern University,Northwestern University Settlement Association,Chicago,Illinois,United States,grid.429781.1,Education
Vanderbilt University,Vanderbilt University,Nashville,Tennessee,United States,grid.152326.1,Education
Yale University,Yale University,New Haven,Connecticut,United States,grid.47100.32,Education
"CGA, Harvard Univ",,,,,,
World Agroforestry Centre (ICRAF),World Agroforestry Centre,Nairobi,,Kenya,grid.435643.3,Nonprofit
Bioversity International,Bioversity International,Maccarese,,Italy,grid.425219.9,Nonprofit
University of Pennsylvania,University of Pennsylvania,Philadelphia,Pennsylvania,United States,grid.25879.31,Education
Africa Rice Center,Africa Rice Center,Cotonou,,Benin,grid.466524.7,Nonprofit
Georgetown University,Georgetown University,Washington D.C.,District of Columbia,United States,grid.213910.8,Education
PI ,Perimeter Institute,Waterloo,Ontario,Canada,grid.420198.6,Facility
University of Montreal,University of Montreal,Montreal,Quebec,Canada,grid.14848.31,Education
Columbia University,Columbia University,New York,New York,United States,grid.21729.3f,Education
Duke University,Duke University,Durham,North Carolina,United States,grid.26009.3d,Education
George Washington University,George Washington University,Washington D.C.,District of Columbia,United States,grid.253615.6,Education
International Center for Tropical Agriculture - CIAT,,,,,,
Princeton University,Princeton University,Princeton,New Jersey,United States,grid.16750.35,Education
"University of California, Berkeley","University of California, Berkeley",Berkeley,California,United States,grid.47840.3f,Education
Harvard School of Public Health. Department of Maternal and Child Health,,,,,,
New York University,New York University,New York,New York,United States,grid.137628.9,Education
University of Chicago,University of Chicago,Chicago,Illinois,United States,grid.170205.1,Education
University of Western Ontario,University of Western Ontario,London,Ontario,Canada,grid.39381.30,Education
University of Michigan,University of Michigan‚ÄìAnn Arbor,Ann Arbor,Michigan,United States,grid.214458.e,Education
Harvard T.H. Chan School of Public Health.,,,,,,
University of East Anglia,University of East Anglia,Norwich,Norfolk,United Kingdom,grid.8273.e,Education
London School of Economics,London School of Economics and Political Science,London,Camden,United Kingdom,grid.13063.37,Education
Menlo College,Menlo College,Atherton,California,United States,grid.454605.6,Education
University of Essex,University of Essex,Colchester,Essex,United Kingdom,grid.8356.8,Education
University of Texas at Austin,The University of Texas at Austin,Austin,Texas,United States,grid.89336.37,Education
UCLA,University of California Los Angeles,Los Angeles,California,United States,grid.19006.3e,Education
University of Amsterdam,University of Amsterdam,Amsterdam,Noord-Holland,Netherlands,grid.7177.6,Education
University of Oxford,University of Oxford,Oxford,Oxfordshire,United Kingdom,grid.4991.5,Education
American University,American University,Managua,,Nicaragua,grid.441296.c,Education
Dartmouth College,Dartmouth College,Hanover,New Hampshire,United States,grid.254880.3,Education
University of Illinois at Chicago,University of Illinois at Chicago,Chicago,Illinois,United States,grid.185648.6,Education
University of Mannheim,University of Mannheim,Mannheim,,Germany,grid.5601.2,Education
University of Toronto,University of Toronto,Toronto,Ontario,Canada,grid.17063.33,Education
Arizona State University,Arizona State University,Tempe,Arizona,United States,grid.215654.1,Education
Louisiana State University,Louisiana State University,Alexandria,Louisiana,United States,grid.462519.d,Education
Ohio State University,The Ohio State University,Columbus,Ohio,United States,grid.261331.4,Education
University of Georgia,University of Georgia,Athens,Georgia,United States,grid.213876.9,Education
Sun Yat-sen University,Sun Yat-sen University,Guangzhou,Guangdong,China,grid.12981.33,Education
University of Houston,University of Houston,Houston,Texas,United States,grid.266436.3,Education
"Climate Change Institute, University of Maine",University of Maine,Orono,Maine,United States,grid.21106.34,Education
"University of California, Davis","University of California, Davis",Davis,California,United States,grid.27860.3b,Education
"University of California, San Diego","University of California, San Diego",San Diego,California,United States,grid.266100.3,Education
University of Virginia,University of Virginia,Charlottesville,Virginia,United States,grid.27755.32,Education
New York Law School,New York Law School,New York,New York,United States,grid.419997.b,Education
University of Konstanz,University of Konstanz,Konstanz,Baden-W√ºrttemberg,Germany,grid.9811.1,Education
University of Washington,University of Washington,Seattle,Washington,United States,grid.34477.33,Education
University of Zurich,University of Zurich,Zurich,,Switzerland,grid.7400.3,Education
Aarhus University,Aarhus University,Aarhus,,Denmark,grid.7048.b,Education
Boston University,Boston University,Boston,Massachusetts,United States,grid.189504.1,Education
Cornell University,Cornell University,Ithaca,New York,United States,grid.5386.8,Education
GSU,Georgia State University,Atlanta,Georgia,United States,grid.256304.6,Education
Indiana University,Indiana University System,Bloomington,Indiana,United States,grid.257410.5,Education
Kings College London,King's College London,London,Camden,United Kingdom,grid.13097.3c,Education
McGill University,McGill University,Montreal,Quebec,Canada,grid.14709.3b,Education
Michigan State University,Michigan State University,East Lansing,Michigan,United States,grid.17088.36,Education
Stony Brook University,Stony Brook University,Stony Brook,New York,United States,grid.36425.36,Education
Texas A&M University,Texas A&M University,College Station,Texas,United States,grid.264756.4,Education
University College London,University College London,London,,United Kingdom,grid.83440.3b,Education
University of Maryland,"University of Maryland, College Park",College Park,Maryland,United States,grid.164295.d,Education
Hamilton College,Hamilton College,Clinton,New York,United States,grid.256766.6,Education
Harvard T.H. Chan School of Public Health. Department of Social and Behavioral Sciences.,,,,,,
Kansas State University,Kansas State University Salina,Salina,Kansas,United States,grid.449574.f,Education
Texas Tech University,Texas Tech University,Lubbock,Texas,United States,grid.264784.b,Education
University of Leicester,University of Leicester,Leicester,,United Kingdom,grid.9918.9,Education
University of Minnesota,University of Minnesota,Minneapolis,Minnesota,United States,grid.17635.36,Education
University of Southampton,University of Southampton,Southampton,,United Kingdom,grid.5491.9,Education
International Rice Research Institute,International Rice Research Institute,Los Ba√±os,,Philippines,grid.419387.0,Nonprofit
Northeastern University / Harvard University,Northeastern University,Boston,Massachusetts,United States,grid.261112.7,Education
Rice University,Rice University,Houston,Texas,United States,grid.21940.3e,Education
Russian Academy of Sciences,Russian Academy of Sciences,Moscow,,Russia,grid.4886.2,Government
Salisbury University,Salisbury University,Salisbury,Maryland,United States,grid.263037.3,Education
University of Canterbury,University of Canterbury,Christchurch,,New Zealand,grid.21006.35,Education
University of Iowa,University of Iowa,Iowa City,Iowa,United States,grid.214572.7,Education
University of Pittsburgh,University of Pittsburgh,Pittsburgh,Pennsylvania,United States,grid.21925.3d,Education
University of Rochester,University of Rochester,Rochester,New York,United States,grid.16416.34,Education
University of Southern California,University of Southern California,Los Angeles,California,United States,grid.42505.36,Education
Brown University,Brown University,Providence,Rhode Island,United States,grid.40263.33,Education
European University Institute,European University Institute,Florence,,Italy,grid.15711.33,Education
Harvard-Smithsonian Center for Astrophysics,Harvard-Smithsonian Center for Astrophysics,Cambridge,Massachusetts,United States,grid.455754.2,Education
Innovations for Poverty Action,Innovations for Poverty Action,Kigali,,Rwanda,grid.477380.f,Nonprofit
KU Leuven ,KU Leuven,Leuven,,Belgium,grid.5596.f,Education
"Martin School of Public Policy & Administration, University of Kentucky",University of Kentucky,Lexington,Kentucky,United States,grid.266539.d,Education
PUC Chile,,,,,,
University of Arizona,University of Arizona,Tucson,Arizona,United States,grid.134563.6,Education
University of Bamberg,University of Bamberg,Bamberg,,Germany,grid.7359.8,Education
University of Birmingham,University of Birmingham,Birmingham,,United Kingdom,grid.6572.6,Education